<?xml version="1.0" encoding="utf-8" ?>
<dwsync>
<file name="1.php" server="ftp.educationservice.ru//domains/referats.info/public_html/" local="129611621490008000" remote="129611631000000000" />
<file name="2.php" server="ftp.educationservice.ru//domains/referats.info/public_html/" local="129611616583508000" remote="129611631000000000" />
<file name="3.php" server="ftp.educationservice.ru//domains/referats.info/public_html/" local="129033554480000000" remote="129611631000000000" />
<file name="access.php" server="ftp.educationservice.ru//domains/referats.info/public_html/" local="127479636000000000" remote="129611631000000000" />
<file name="adm_config.php" server="ftp.educationservice.ru//domains/referats.info/public_html/" local="128725321200000000" remote="129611631000000000" />
<file name="affair.php" server="ftp.educationservice.ru//domains/referats.info/public_html/" local="129611619551908000" remote="129611631000000000" />
<file name="agreement.htm" server="ftp.educationservice.ru//domains/referats.info/public_html/" local="129611619535428000" remote="129611631000000000" />
<file name="anketa.php" server="ftp.educationservice.ru//domains/referats.info/public_html/" local="129611619552248000" remote="129611631000000000" />
<file name="anketa2.php" server="ftp.educationservice.ru//domains/referats.info/public_html/" local="129611622575828000" remote="129611631000000000" />
<file name="ask_admin.php" server="ftp.educationservice.ru//domains/referats.info/public_html/" local="129611621493088000" remote="129611631000000000" />
<file name="autorization.php" server="ftp.educationservice.ru//domains/referats.info/public_html/" local="129611621490158000" remote="129611631600000000" />
<file name="autors.php" server="ftp.educationservice.ru//domains/referats.info/public_html/" local="129611621498858000" remote="129611631600000000" />
<file name="autors_congratulation.php" server="ftp.educationservice.ru//domains/referats.info/public_html/" local="129611619529938000" remote="129611631600000000" />
<file name="autors_registration.php" server="ftp.educationservice.ru//domains/referats.info/public_html/" local="129611619556758000" remote="129611631600000000" />
<file name="autor_cooperation.htm" server="ftp.educationservice.ru//domains/referats.info/public_html/" local="129611619557308000" remote="129611631600000000" />
<file name="autor_cooperation2.htm" server="ftp.educationservice.ru//domains/referats.info/public_html/" local="129611619558268000" remote="129611631600000000" />
<file name="autor_faq.htm" server="ftp.educationservice.ru//domains/referats.info/public_html/" local="129611619748478000" remote="129611631600000000" />
<file name="autor_help.htm" server="ftp.educationservice.ru//domains/referats.info/public_html/" local="129611619770518000" remote="129611631600000000" />
<file name="banking_function.php" server="ftp.educationservice.ru//domains/referats.info/public_html/" local="127479636000000000" remote="129611631600000000" />
<file name="content.php" server="ftp.educationservice.ru//domains/referats.info/public_html/" local="129611621493808000" remote="129611631600000000" />
<file name="cooperation.htm" server="ftp.educationservice.ru//domains/referats.info/public_html/" local="129611619554948000" remote="129611631600000000" />
<file name="course.php" server="ftp.educationservice.ru//domains/referats.info/public_html/" local="129611622447798000" remote="129611631600000000" />
<file name="diploma.php" server="ftp.educationservice.ru//domains/referats.info/public_html/" local="129611622448458000" remote="129611631600000000" />
<file name="faq.htm" server="ftp.educationservice.ru//domains/referats.info/public_html/" local="129611619672108000" remote="129611631600000000" />
<file name="feedback.php" server="ftp.educationservice.ru//domains/referats.info/public_html/" local="129611621494378000" remote="129611631600000000" />
<file name="get_zakaz_param.php" server="ftp.educationservice.ru//domains/referats.info/public_html/" local="129611621521018000" remote="129611631600000000" />
<file name="help.php" server="ftp.educationservice.ru//domains/referats.info/public_html/" local="129611619751528000" remote="129611631600000000" />
<file name="lib.php" server="ftp.educationservice.ru//domains/referats.info/public_html/" local="128475828000000000" remote="129611631600000000" />
<file name="linx1.htm" server="ftp.educationservice.ru//domains/referats.info/public_html/" local="129611619549948000" remote="129611631600000000" />
<file name="linx2.php" server="ftp.educationservice.ru//domains/referats.info/public_html/" local="129611619550368000" remote="129611631600000000" />
<file name="linx3.php" server="ftp.educationservice.ru//domains/referats.info/public_html/" local="129611619550828000" remote="129611631600000000" />
<file name="menu.php" server="ftp.educationservice.ru//domains/referats.info/public_html/" local="129611621995328000" remote="129611631600000000" />
<file name="messages.php" server="ftp.educationservice.ru//domains/referats.info/public_html/" local="129611621995738000" remote="129611631600000000" />
<file name="navigation_bottom.htm" server="ftp.educationservice.ru//domains/referats.info/public_html/" local="129611616104418000" remote="129611631600000000" />
<file name="payment.php" server="ftp.educationservice.ru//domains/referats.info/public_html/" local="129611621495788000" remote="129611631600000000" />
<file name="post_history.php" server="ftp.educationservice.ru//domains/referats.info/public_html/" local="129611621496288000" remote="129611631600000000" />
<file name="recruits.php" server="ftp.educationservice.ru//domains/referats.info/public_html/" local="129611619553648000" remote="129611631600000000" />
<file name="referatbank.php" server="ftp.educationservice.ru//domains/referats.info/public_html/" local="129611622449178000" remote="129611631600000000" />
<file name="referats.css" server="ftp.educationservice.ru//domains/referats.info/public_html/" local="129611619524728000" remote="129611631600000000" />
<file name="reg_user.php" server="ftp.educationservice.ru//domains/referats.info/public_html/" local="129611622575238000" remote="129611631600000000" />
<file name="rigths_adm.php" server="ftp.educationservice.ru//domains/referats.info/public_html/" local="129611622756098000" remote="129611631600000000" />
<file name="search.php" server="ftp.educationservice.ru//domains/referats.info/public_html/" local="129611623268008000" remote="129611631600000000" />
<file name="search2.php" server="ftp.educationservice.ru//domains/referats.info/public_html/" local="129575539176480000" remote="129611631600000000" />
<file name="search_list.php" server="ftp.educationservice.ru//domains/referats.info/public_html/" local="129611621496758000" remote="129611631600000000" />
<file name="search_result.php" server="ftp.educationservice.ru//domains/referats.info/public_html/" local="129611619534348000" remote="129611631600000000" />
<file name="search_results.php" server="ftp.educationservice.ru//domains/referats.info/public_html/" local="129575169532180000" remote="129611631600000000" />
<file name="secret_post.php" server="ftp.educationservice.ru//domains/referats.info/public_html/" local="129611623267468000" remote="129611631600000000" />
<file name="sheduler_per_hour.php" server="ftp.educationservice.ru//domains/referats.info/public_html/" local="129611623267808000" remote="129611631600000000" />
<file name="thanx_question.php" server="ftp.educationservice.ru//domains/referats.info/public_html/" local="129611621490948000" remote="129611631600000000" />
<file name="useful.htm" server="ftp.educationservice.ru//domains/referats.info/public_html/" local="129611619525778000" remote="129611631600000000" />
<file name="userdata.php" server="ftp.educationservice.ru//domains/referats.info/public_html/" local="129611621510088000" remote="129611631600000000" />
<file name="user_account.php" server="ftp.educationservice.ru//domains/referats.info/public_html/" local="129611621491558000" remote="129611631600000000" />
<file name="view_work.php" server="ftp.educationservice.ru//domains/referats.info/public_html/" local="129611621492158000" remote="129611631600000000" />
<file name="worx.php" server="ftp.educationservice.ru//domains/referats.info/public_html/" local="129611621497748000" remote="129611631600000000" />
<file name="zlist.php" server="ftp.educationservice.ru//domains/referats.info/public_html/" local="129611623421998000" remote="129611631600000000" />
</dwsync>