<?xml version="1.0" encoding="utf-8" ?>
<dwsync>
<file name="bank.php" server="ftp.educationservice.ru//domains/referats.info/public_html/" local="129611621499748000" remote="129611631600000000" />
<file name="cards.php" server="ftp.educationservice.ru//domains/referats.info/public_html/" local="129611621500448000" remote="129611631600000000" />
<file name="cash.php" server="ftp.educationservice.ru//domains/referats.info/public_html/" local="129611621501038000" remote="129611631600000000" />
<file name="other_tax.php" server="ftp.educationservice.ru//domains/referats.info/public_html/" local="129611621501928000" remote="129611631600000000" />
<file name="payment_info.htm" server="ftp.educationservice.ru//domains/referats.info/public_html/" local="129611619671138000" remote="129611631600000000" />
<file name="post.php" server="ftp.educationservice.ru//domains/referats.info/public_html/" local="129611621502528000" remote="129611631600000000" />
<file name="rekvisites_bank.php" server="ftp.educationservice.ru//domains/referats.info/public_html/" local="129611621503028000" remote="129611631600000000" />
<file name="sorry.php" server="ftp.educationservice.ru//domains/referats.info/public_html/" local="129611621504028000" remote="129611631600000000" />
<file name="telegraph.php" server="ftp.educationservice.ru//domains/referats.info/public_html/" local="129611621504588000" remote="129611631600000000" />
<file name="thanx.php" server="ftp.educationservice.ru//domains/referats.info/public_html/" local="129611621505138000" remote="129611631600000000" />
<file name="unremindered.php" server="ftp.educationservice.ru//domains/referats.info/public_html/" local="129611621507088000" remote="129611631600000000" />
<file name="unsubscribe.php" server="ftp.educationservice.ru//domains/referats.info/public_html/" local="129611621508378000" remote="129611631600000000" />
<file name="wallet.php" server="ftp.educationservice.ru//domains/referats.info/public_html/" local="129611621508998000" remote="129611631600000000" />
<file name="webmoney.php" server="ftp.educationservice.ru//domains/referats.info/public_html/" local="129611621509568000" remote="129611631600000000" />
</dwsync>