<?xml version="1.0" encoding="utf-8" ?>
<dwsync>
<file name="index.html" server="ftp.educationservice.ru//domains/referats.info/public_html/" local="129611619758328000" remote="129611631600000000" />
<file name="помощь по работе с системой.htm" server="ftp.educationservice.ru//domains/referats.info/public_html/" local="129611619732558000" remote="129611631600000000" />
<file name="all_messages.php" server="ftp.educationservice.ru//domains/referats.info/public_html/" local="129611619758788000" remote="129611631000000000" />
<file name="applications.php" server="ftp.educationservice.ru//domains/referats.info/public_html/" local="129611619753468000" remote="129611631000000000" />
<file name="applications_paid.php" server="ftp.educationservice.ru//domains/referats.info/public_html/" local="129611621510408000" remote="129611631000000000" />
<file name="applications_unpaid.php" server="ftp.educationservice.ru//domains/referats.info/public_html/" local="129611621510678000" remote="129611631000000000" />
<file name="content1.php" server="ftp.educationservice.ru//domains/referats.info/public_html/" local="129611619735918000" remote="129611631000000000" />
<file name="content2.php" server="ftp.educationservice.ru//domains/referats.info/public_html/" local="129611619736118000" remote="129611631000000000" />
<file name="content3.php" server="ftp.educationservice.ru//domains/referats.info/public_html/" local="129611619736308000" remote="129611631000000000" />
<file name="ed_works_ed.php" server="ftp.educationservice.ru//domains/referats.info/public_html/" local="129611619754558000" remote="129611631000000000" />
<file name="exit.php" server="ftp.educationservice.ru//domains/referats.info/public_html/" local="129611619729048000" remote="129611631000000000" />
<file name="faq.php" server="ftp.educationservice.ru//domains/referats.info/public_html/" local="129611621511108000" remote="129611631000000000" />
<file name="feedback.php" server="ftp.educationservice.ru//domains/referats.info/public_html/" local="129611619754808000" remote="129611631000000000" />
<file name="help.php" server="ftp.educationservice.ru//domains/referats.info/public_html/" local="129611619771368000" remote="129611631000000000" />
<file name="home.php" server="ftp.educationservice.ru//domains/referats.info/public_html/" local="129611621511648000" remote="129611631600000000" />
<file name="menu.php" server="ftp.educationservice.ru//domains/referats.info/public_html/" local="129611619762328000" remote="129611631600000000" />
<file name="mess_form.php" server="ftp.educationservice.ru//domains/referats.info/public_html/" local="129611621512338000" remote="129611631600000000" />
<file name="my_messages.php" server="ftp.educationservice.ru//domains/referats.info/public_html/" local="129611621512638000" remote="129611631600000000" />
<file name="my_param.php" server="ftp.educationservice.ru//domains/referats.info/public_html/" local="129611621512908000" remote="129611631600000000" />
<file name="post_content.php" server="ftp.educationservice.ru//domains/referats.info/public_html/" local="129611619736488000" remote="129611631600000000" />
<file name="view_mess.php" server="ftp.educationservice.ru//domains/referats.info/public_html/" local="129611621513138000" remote="129611631600000000" />
<file name="worx.php" server="ftp.educationservice.ru//domains/referats.info/public_html/" local="129611621513428000" remote="129611631600000000" />
<file name="worx_sent.php" server="ftp.educationservice.ru//domains/referats.info/public_html/" local="129611619762898000" remote="129611631600000000" />
<file name="autor.css" server="ftp.educationservice.ru//domains/referats.info/public_html/" local="127510740000000000" remote="129611631000000000" />
<file name="help.zip" server="ftp.educationservice.ru//domains/referats.info/public_html/" local="127508148000000000" remote="129611631600000000" />
<file name="lime_div.js" server="ftp.educationservice.ru//domains/referats.info/public_html/" local="127510740000000000" remote="129611631600000000" />
</dwsync>