<?xml version="1.0" encoding="utf-8" ?>
<dwsync>
<file name="index.php" server="ftp.educationservice.ru//domains/referats.info/public_html/" local="129575074895390000" remote="129611631000000000" />
<file name="!new_mess.php" server="ftp.educationservice.ru//domains/referats.info/public_html/" local="129611621513688000" remote="129611631000000000" />
<file name="admin.css" server="ftp.educationservice.ru//domains/referats.info/public_html/" local="127545300000000000" remote="129611631000000000" />
<file name="adm_works_ed.php" server="ftp.educationservice.ru//domains/referats.info/public_html/" local="129611619986198000" remote="129611631000000000" />
<file name="applications.php" server="ftp.educationservice.ru//domains/referats.info/public_html/" local="129611619993878000" remote="129611631000000000" />
<file name="applications_paid.php" server="ftp.educationservice.ru//domains/referats.info/public_html/" local="129611621513978000" remote="129611631000000000" />
<file name="autors.php" server="ftp.educationservice.ru//domains/referats.info/public_html/" local="129611621514668000" remote="129611631000000000" />
<file name="bad_opinion.php" server="ftp.educationservice.ru//domains/referats.info/public_html/" local="129611619984368000" remote="129611631000000000" />
<file name="home.php" server="ftp.educationservice.ru//domains/referats.info/public_html/" local="129611621515138000" remote="129611631000000000" />
<file name="index.html" server="ftp.educationservice.ru//domains/referats.info/public_html/" local="129611619998098000" remote="129611631000000000" />
<file name="menu.php" server="ftp.educationservice.ru//domains/referats.info/public_html/" local="129611620014838000" remote="129611631000000000" />
<file name="messages.php" server="ftp.educationservice.ru//domains/referats.info/public_html/" local="129611621515958000" remote="129611631000000000" />
<file name="messages10.php" server="ftp.educationservice.ru//domains/referats.info/public_html/" local="129611621516308000" remote="129611631000000000" />
<file name="money.php" server="ftp.educationservice.ru//domains/referats.info/public_html/" local="129611621516948000" remote="129611631000000000" />
<file name="money_transaction.php" server="ftp.educationservice.ru//domains/referats.info/public_html/" local="129611621517578000" remote="129611631000000000" />
<file name="new_mess.php" server="ftp.educationservice.ru//domains/referats.info/public_html/" local="129611621517878000" remote="129611631000000000" />
<file name="orders_overview.php" server="ftp.educationservice.ru//domains/referats.info/public_html/" local="129611621518108000" remote="129611631000000000" />
<file name="personal_data.php" server="ftp.educationservice.ru//domains/referats.info/public_html/" local="129611620007918000" remote="129611631000000000" />
<file name="reminder.php" server="ftp.educationservice.ru//domains/referats.info/public_html/" local="129611621518348000" remote="129611631000000000" />
<file name="rigths_adm.php" server="ftp.educationservice.ru//domains/referats.info/public_html/" local="129611620008938000" remote="129611631000000000" />
<file name="searchers.php" server="ftp.educationservice.ru//domains/referats.info/public_html/" local="129611621518978000" remote="129611631000000000" />
<file name="search_list.php" server="ftp.educationservice.ru//domains/referats.info/public_html/" local="129611621518668000" remote="129611631000000000" />
<file name="sheduler_manager.php" server="ftp.educationservice.ru//domains/referats.info/public_html/" local="129611621519228000" remote="129611631000000000" />
<file name="view_mess.php" server="ftp.educationservice.ru//domains/referats.info/public_html/" local="129611621519548000" remote="129611631000000000" />
<file name="visites.php" server="ftp.educationservice.ru//domains/referats.info/public_html/" local="129611619991428000" remote="129611631000000000" />
<file name="worx.php" server="ftp.educationservice.ru//domains/referats.info/public_html/" local="129611621520128000" remote="129611631000000000" />
<file name="zakaz_datas.php" server="ftp.educationservice.ru//domains/referats.info/public_html/" local="129611621520478000" remote="129611631000000000" />
</dwsync>