<?xml version="1.0" encoding="utf-8" ?>
<dwsync>
<file name="add_work.gif" server="ftp.educationservice.ru//domains/referats.info/public_html/" local="127490004000000000" remote="129611631600000000" />
<file name="applications.gif" server="ftp.educationservice.ru//domains/referats.info/public_html/" local="127490004000000000" remote="129611631600000000" />
<file name="feedback_form.gif" server="ftp.educationservice.ru//domains/referats.info/public_html/" local="127490004000000000" remote="129611631600000000" />
<file name="frames.gif" server="ftp.educationservice.ru//domains/referats.info/public_html/" local="127490004000000000" remote="129611631600000000" />
<file name="get3ways.gif" server="ftp.educationservice.ru//domains/referats.info/public_html/" local="127507284000000000" remote="129611631600000000" />
<file name="homepage.gif" server="ftp.educationservice.ru//domains/referats.info/public_html/" local="127507284000000000" remote="129611631600000000" />
<file name="menu.gif" server="ftp.educationservice.ru//domains/referats.info/public_html/" local="127490004000000000" remote="129611631600000000" />
<file name="worx.gif" server="ftp.educationservice.ru//domains/referats.info/public_html/" local="127490004000000000" remote="129611631600000000" />
</dwsync>